{
    "providers": [
        {
            "type": "bitmap",
            "file": "minecraft:font/shaw.png",
            "height": 10,
            "ascent": 7,
            "chars": [
                "\ud801\udc50\ud801\udc51\ud801\udc52\ud801\udc53\ud801\udc54\ud801\udc55\ud801\udc56\ud801\udc57\ud801\udc58\ud801\udc59\ud801\udc5a\ud801\udc5b\ud801\udc5c\ud801\udc5d\ud801\udc5e\ud801\udc5f",
                "\ud801\udc60\ud801\udc61\ud801\udc62\ud801\udc63\ud801\udc64\ud801\udc65\ud801\udc66\ud801\udc67\ud801\udc68\ud801\udc69\ud801\udc6a\ud801\udc6b\ud801\udc6c\ud801\udc6d\ud801\udc6e\ud801\udc6f",
                "\ud801\udc70\ud801\udc71\ud801\udc72\ud801\udc73\ud801\udc74\ud801\udc75\ud801\udc76\ud801\udc77\ud801\udc78\ud801\udc79\ud801\udc7a\ud801\udc7b\ud801\udc7c\ud801\udc7d\ud801\udc7e\ud801\udc7f"
            ]
		},
		{
            "type": "bitmap",
            "file": "minecraft:font/quik.png",
            "height": 10,
            "ascent": 7,
            "chars": [
                "\ue650\ue651\ue652\ue653\ue654\ue655\ue656\ue657\ue658\ue659\ue65a\ue65b\ue65c\ue65d\ue65e\ue65f",
                "\ue660\ue661\ue662\ue663\ue664\ue665\ue666\ue667\ue668\ue669\ue66a\ue66b\ue66c\ue670\ue671\ue672",
                "\ue673\ue674\ue675\ue676\ue677\ue678\ue679\ue67a\ue67b\ue67c\ue67d\ue67e\ue66e\ue66f\u0000\u0000"
            ]
        }
    ]
}
